Full-time/part-time status,State/territory,School sector,Sex,School level,Indigenous status,Students
Full-time equivalent,Australian Capital Territory,Catholic,Female,Primary,Indigenous,66
Full-time equivalent,Australian Capital Territory,Catholic,Female,Primary,Non-Indigenous,4200
Full-time equivalent,Australian Capital Territory,Catholic,Female,Secondary,Indigenous,78
Full-time equivalent,Australian Capital Territory,Catholic,Female,Secondary,Non-Indigenous,4247
Full-time equivalent,Australian Capital Territory,Catholic,Male,Primary,Indigenous,58
Full-time equivalent,Australian Capital Territory,Catholic,Male,Primary,Non-Indigenous,4512
Full-time equivalent,Australian Capital Territory,Catholic,Male,Secondary,Indigenous,68
Full-time equivalent,Australian Capital Territory,Catholic,Male,Secondary,Non-Indigenous,4257
Full-time equivalent,Australian Capital Territory,Government,Female,Primary,Indigenous,346
Full-time equivalent,Australian Capital Territory,Government,Female,Primary,Non-Indigenous,9354
Full-time equivalent,Australian Capital Territory,Government,Female,Secondary,Indigenous,218
Full-time equivalent,Australian Capital Territory,Government,Female,Secondary,Non-Indigenous,7381.6
Full-time equivalent,Australian Capital Territory,Government,Male,Primary,Indigenous,362
Full-time equivalent,Australian Capital Territory,Government,Male,Primary,Non-Indigenous,9909.9
Full-time equivalent,Australian Capital Territory,Government,Male,Secondary,Indigenous,251
Full-time equivalent,Australian Capital Territory,Government,Male,Secondary,Non-Indigenous,7789.3
Full-time equivalent,Australian Capital Territory,Independent,Female,Primary,Indigenous,17
Full-time equivalent,Australian Capital Territory,Independent,Female,Primary,Non-Indigenous,2149.6
Full-time equivalent,Australian Capital Territory,Independent,Female,Secondary,Indigenous,14
Full-time equivalent,Australian Capital Territory,Independent,Female,Secondary,Non-Indigenous,2386
Full-time equivalent,Australian Capital Territory,Independent,Male,Primary,Indigenous,17
Full-time equivalent,Australian Capital Territory,Independent,Male,Primary,Non-Indigenous,2098.4
Full-time equivalent,Australian Capital Territory,Independent,Male,Secondary,Indigenous,7
Full-time equivalent,Australian Capital Territory,Independent,Male,Secondary,Non-Indigenous,2368.7
Full-time equivalent,New South Wales,Catholic,Female,Primary,Indigenous,1679
Full-time equivalent,New South Wales,Catholic,Female,Primary,Non-Indigenous,60862.1
Full-time equivalent,New South Wales,Catholic,Female,Secondary,Indigenous,1219.5
Full-time equivalent,New South Wales,Catholic,Female,Secondary,Non-Indigenous,58858.5
Full-time equivalent,New South Wales,Catholic,Male,Primary,Indigenous,1727
Full-time equivalent,New South Wales,Catholic,Male,Primary,Non-Indigenous,62559.1
Full-time equivalent,New South Wales,Catholic,Male,Secondary,Indigenous,1193
Full-time equivalent,New South Wales,Catholic,Male,Secondary,Non-Indigenous,59345.1
Full-time equivalent,New South Wales,Government,Female,Primary,Indigenous,13526
Full-time equivalent,New South Wales,Government,Female,Primary,Non-Indigenous,199601
Full-time equivalent,New South Wales,Government,Female,Secondary,Indigenous,9364
Full-time equivalent,New South Wales,Government,Female,Secondary,Non-Indigenous,141934.7
Full-time equivalent,New South Wales,Government,Male,Primary,Indigenous,14310
Full-time equivalent,New South Wales,Government,Male,Primary,Non-Indigenous,213112
Full-time equivalent,New South Wales,Government,Male,Secondary,Indigenous,9886.8
Full-time equivalent,New South Wales,Government,Male,Secondary,Non-Indigenous,146499.6
Full-time equivalent,New South Wales,Independent,Female,Primary,Indigenous,417
Full-time equivalent,New South Wales,Independent,Female,Primary,Non-Indigenous,32273.6
Full-time equivalent,New South Wales,Independent,Female,Secondary,Indigenous,640.8
Full-time equivalent,New South Wales,Independent,Female,Secondary,Non-Indigenous,36778.4
Full-time equivalent,New South Wales,Independent,Male,Primary,Indigenous,459
Full-time equivalent,New South Wales,Independent,Male,Primary,Non-Indigenous,34654.6
Full-time equivalent,New South Wales,Independent,Male,Secondary,Indigenous,533.6
Full-time equivalent,New South Wales,Independent,Male,Secondary,Non-Indigenous,37555.9
Full-time equivalent,Northern Territory,Catholic,Female,Primary,Indigenous,522
Full-time equivalent,Northern Territory,Catholic,Female,Primary,Non-Indigenous,861
Full-time equivalent,Northern Territory,Catholic,Female,Secondary,Indigenous,330
Full-time equivalent,Northern Territory,Catholic,Female,Secondary,Non-Indigenous,575.1
Full-time equivalent,Northern Territory,Catholic,Male,Primary,Indigenous,553
Full-time equivalent,Northern Territory,Catholic,Male,Primary,Non-Indigenous,877
Full-time equivalent,Northern Territory,Catholic,Male,Secondary,Indigenous,311
Full-time equivalent,Northern Territory,Catholic,Male,Secondary,Non-Indigenous,600
Full-time equivalent,Northern Territory,Government,Female,Primary,Indigenous,4341.1
Full-time equivalent,Northern Territory,Government,Female,Primary,Non-Indigenous,4850.3
Full-time equivalent,Northern Territory,Government,Female,Secondary,Indigenous,1957.3
Full-time equivalent,Northern Territory,Government,Female,Secondary,Non-Indigenous,3080.5
Full-time equivalent,Northern Territory,Government,Male,Primary,Indigenous,4600.5
Full-time equivalent,Northern Territory,Government,Male,Primary,Non-Indigenous,4996.4
Full-time equivalent,Northern Territory,Government,Male,Secondary,Indigenous,2195.4
Full-time equivalent,Northern Territory,Government,Male,Secondary,Non-Indigenous,3424.2
Full-time equivalent,Northern Territory,Independent,Female,Primary,Indigenous,163
Full-time equivalent,Northern Territory,Independent,Female,Primary,Non-Indigenous,1090
Full-time equivalent,Northern Territory,Independent,Female,Secondary,Indigenous,513
Full-time equivalent,Northern Territory,Independent,Female,Secondary,Non-Indigenous,1243.1
Full-time equivalent,Northern Territory,Independent,Male,Primary,Indigenous,167
Full-time equivalent,Northern Territory,Independent,Male,Primary,Non-Indigenous,1050
Full-time equivalent,Northern Territory,Independent,Male,Secondary,Indigenous,482
Full-time equivalent,Northern Territory,Independent,Male,Secondary,Non-Indigenous,1180
Full-time equivalent,Queensland,Catholic,Female,Primary,Indigenous,1316
Full-time equivalent,Queensland,Catholic,Female,Primary,Non-Indigenous,38604.4
Full-time equivalent,Queensland,Catholic,Female,Secondary,Indigenous,1114.5
Full-time equivalent,Queensland,Catholic,Female,Secondary,Non-Indigenous,26814.8
Full-time equivalent,Queensland,Catholic,Male,Primary,Indigenous,1292
Full-time equivalent,Queensland,Catholic,Male,Primary,Non-Indigenous,40712.8
Full-time equivalent,Queensland,Catholic,Male,Secondary,Indigenous,1160
Full-time equivalent,Queensland,Catholic,Male,Secondary,Non-Indigenous,27248.4
Full-time equivalent,Queensland,Government,Female,Primary,Indigenous,14446.8
Full-time equivalent,Queensland,Government,Female,Primary,Non-Indigenous,141272.9
Full-time equivalent,Queensland,Government,Female,Secondary,Indigenous,6941.2
Full-time equivalent,Queensland,Government,Female,Secondary,Non-Indigenous,79778.1
Full-time equivalent,Queensland,Government,Male,Primary,Indigenous,15184.6
Full-time equivalent,Queensland,Government,Male,Primary,Non-Indigenous,153366.3
Full-time equivalent,Queensland,Government,Male,Secondary,Indigenous,6891.4
Full-time equivalent,Queensland,Government,Male,Secondary,Non-Indigenous,82744.5
Full-time equivalent,Queensland,Independent,Female,Primary,Indigenous,706
Full-time equivalent,Queensland,Independent,Female,Primary,Non-Indigenous,27835.4
Full-time equivalent,Queensland,Independent,Female,Secondary,Indigenous,947
Full-time equivalent,Queensland,Independent,Female,Secondary,Non-Indigenous,26643.4
Full-time equivalent,Queensland,Independent,Male,Primary,Indigenous,695.1
Full-time equivalent,Queensland,Independent,Male,Primary,Non-Indigenous,28029.5
Full-time equivalent,Queensland,Independent,Male,Secondary,Indigenous,845.4
Full-time equivalent,Queensland,Independent,Male,Secondary,Non-Indigenous,25876.2
Full-time equivalent,South Australia,Catholic,Female,Primary,Indigenous,178
Full-time equivalent,South Australia,Catholic,Female,Primary,Non-Indigenous,13717
Full-time equivalent,South Australia,Catholic,Female,Secondary,Indigenous,120
Full-time equivalent,South Australia,Catholic,Female,Secondary,Non-Indigenous,10200.8
Full-time equivalent,South Australia,Catholic,Male,Primary,Indigenous,185
Full-time equivalent,South Australia,Catholic,Male,Primary,Non-Indigenous,13985
Full-time equivalent,South Australia,Catholic,Male,Secondary,Indigenous,111
Full-time equivalent,South Australia,Catholic,Male,Secondary,Non-Indigenous,9878.7
Full-time equivalent,South Australia,Government,Female,Primary,Indigenous,2821
Full-time equivalent,South Australia,Government,Female,Primary,Non-Indigenous,47770.6
Full-time equivalent,South Australia,Government,Female,Secondary,Indigenous,1615.5
Full-time equivalent,South Australia,Government,Female,Secondary,Non-Indigenous,28491.9
Full-time equivalent,South Australia,Government,Male,Primary,Indigenous,3056.4
Full-time equivalent,South Australia,Government,Male,Primary,Non-Indigenous,51286.9
Full-time equivalent,South Australia,Government,Male,Secondary,Indigenous,1513.4
Full-time equivalent,South Australia,Government,Male,Secondary,Non-Indigenous,29923.3
Full-time equivalent,South Australia,Independent,Female,Primary,Indigenous,163
Full-time equivalent,South Australia,Independent,Female,Primary,Non-Indigenous,12643
Full-time equivalent,South Australia,Independent,Female,Secondary,Indigenous,109.6
Full-time equivalent,South Australia,Independent,Female,Secondary,Non-Indigenous,10083.8
Full-time equivalent,South Australia,Independent,Male,Primary,Indigenous,150
Full-time equivalent,South Australia,Independent,Male,Primary,Non-Indigenous,12637.6
Full-time equivalent,South Australia,Independent,Male,Secondary,Indigenous,101
Full-time equivalent,South Australia,Independent,Male,Secondary,Non-Indigenous,9758.2
Full-time equivalent,Tasmania,Catholic,Female,Primary,Indigenous,198
Full-time equivalent,Tasmania,Catholic,Female,Primary,Non-Indigenous,3529
Full-time equivalent,Tasmania,Catholic,Female,Secondary,Indigenous,147
Full-time equivalent,Tasmania,Catholic,Female,Secondary,Non-Indigenous,3551
Full-time equivalent,Tasmania,Catholic,Male,Primary,Indigenous,210
Full-time equivalent,Tasmania,Catholic,Male,Primary,Non-Indigenous,3552.4
Full-time equivalent,Tasmania,Catholic,Male,Secondary,Indigenous,126
Full-time equivalent,Tasmania,Catholic,Male,Secondary,Non-Indigenous,3312
Full-time equivalent,Tasmania,Government,Female,Primary,Indigenous,1310
Full-time equivalent,Tasmania,Government,Female,Primary,Non-Indigenous,14012.8
Full-time equivalent,Tasmania,Government,Female,Secondary,Indigenous,1074
Full-time equivalent,Tasmania,Government,Female,Secondary,Non-Indigenous,11580.3
Full-time equivalent,Tasmania,Government,Male,Primary,Indigenous,1356.8
Full-time equivalent,Tasmania,Government,Male,Primary,Non-Indigenous,15190.4
Full-time equivalent,Tasmania,Government,Male,Secondary,Indigenous,1121.7
Full-time equivalent,Tasmania,Government,Male,Secondary,Non-Indigenous,12057.4
Full-time equivalent,Tasmania,Independent,Female,Primary,Indigenous,62.2
Full-time equivalent,Tasmania,Independent,Female,Primary,Non-Indigenous,1909
Full-time equivalent,Tasmania,Independent,Female,Secondary,Indigenous,57.6
Full-time equivalent,Tasmania,Independent,Female,Secondary,Non-Indigenous,2407.6
Full-time equivalent,Tasmania,Independent,Male,Primary,Indigenous,64
Full-time equivalent,Tasmania,Independent,Male,Primary,Non-Indigenous,2010.4
Full-time equivalent,Tasmania,Independent,Male,Secondary,Indigenous,51
Full-time equivalent,Tasmania,Independent,Male,Secondary,Non-Indigenous,2490.5
Full-time equivalent,Victoria,Catholic,Female,Primary,Indigenous,295
Full-time equivalent,Victoria,Catholic,Female,Primary,Non-Indigenous,52236.6
Full-time equivalent,Victoria,Catholic,Female,Secondary,Indigenous,285
Full-time equivalent,Victoria,Catholic,Female,Secondary,Non-Indigenous,46559.1
Full-time equivalent,Victoria,Catholic,Male,Primary,Indigenous,267.4
Full-time equivalent,Victoria,Catholic,Male,Primary,Non-Indigenous,53331.9
Full-time equivalent,Victoria,Catholic,Male,Secondary,Indigenous,262
Full-time equivalent,Victoria,Catholic,Male,Secondary,Non-Indigenous,44604.4
Full-time equivalent,Victoria,Government,Female,Primary,Indigenous,2878.6
Full-time equivalent,Victoria,Government,Female,Primary,Non-Indigenous,151890
Full-time equivalent,Victoria,Government,Female,Secondary,Indigenous,1965.4
Full-time equivalent,Victoria,Government,Female,Secondary,Non-Indigenous,106394.7
Full-time equivalent,Victoria,Government,Male,Primary,Indigenous,3056.3
Full-time equivalent,Victoria,Government,Male,Primary,Non-Indigenous,164160.4
Full-time equivalent,Victoria,Government,Male,Secondary,Indigenous,1829.7
Full-time equivalent,Victoria,Government,Male,Secondary,Non-Indigenous,114135.4
Full-time equivalent,Victoria,Independent,Female,Primary,Indigenous,88
Full-time equivalent,Victoria,Independent,Female,Primary,Non-Indigenous,25366
Full-time equivalent,Victoria,Independent,Female,Secondary,Indigenous,216
Full-time equivalent,Victoria,Independent,Female,Secondary,Non-Indigenous,37557.5
Full-time equivalent,Victoria,Independent,Male,Primary,Indigenous,75
Full-time equivalent,Victoria,Independent,Male,Primary,Non-Indigenous,24385.1
Full-time equivalent,Victoria,Independent,Male,Secondary,Indigenous,136
Full-time equivalent,Victoria,Independent,Male,Secondary,Non-Indigenous,36344.8
Full-time equivalent,Western Australia,Catholic,Female,Primary,Indigenous,788
Full-time equivalent,Western Australia,Catholic,Female,Primary,Non-Indigenous,19547
Full-time equivalent,Western Australia,Catholic,Female,Secondary,Indigenous,382
Full-time equivalent,Western Australia,Catholic,Female,Secondary,Non-Indigenous,13214
Full-time equivalent,Western Australia,Catholic,Male,Primary,Indigenous,770
Full-time equivalent,Western Australia,Catholic,Male,Primary,Non-Indigenous,19716.8
Full-time equivalent,Western Australia,Catholic,Male,Secondary,Indigenous,339
Full-time equivalent,Western Australia,Catholic,Male,Secondary,Non-Indigenous,12938
Full-time equivalent,Western Australia,Government,Female,Primary,Indigenous,7307
Full-time equivalent,Western Australia,Government,Female,Primary,Non-Indigenous,74521
Full-time equivalent,Western Australia,Government,Female,Secondary,Indigenous,2529.1
Full-time equivalent,Western Australia,Government,Female,Secondary,Non-Indigenous,33986.9
Full-time equivalent,Western Australia,Government,Male,Primary,Indigenous,7390
Full-time equivalent,Western Australia,Government,Male,Primary,Non-Indigenous,80225
Full-time equivalent,Western Australia,Government,Male,Secondary,Indigenous,2828.6
Full-time equivalent,Western Australia,Government,Male,Secondary,Non-Indigenous,36717.5
Full-time equivalent,Western Australia,Independent,Female,Primary,Indigenous,325
Full-time equivalent,Western Australia,Independent,Female,Primary,Non-Indigenous,16115.2
Full-time equivalent,Western Australia,Independent,Female,Secondary,Indigenous,372
Full-time equivalent,Western Australia,Independent,Female,Secondary,Non-Indigenous,13987
Full-time equivalent,Western Australia,Independent,Male,Primary,Indigenous,331
Full-time equivalent,Western Australia,Independent,Male,Primary,Non-Indigenous,16094.9
Full-time equivalent,Western Australia,Independent,Male,Secondary,Indigenous,441
Full-time equivalent,Western Australia,Independent,Male,Secondary,Non-Indigenous,14109.2
Full-time students,Australian Capital Territory,Catholic,Female,Primary,Indigenous,66
Full-time students,Australian Capital Territory,Catholic,Female,Primary,Non-Indigenous,4200
Full-time students,Australian Capital Territory,Catholic,Female,Secondary,Indigenous,78
Full-time students,Australian Capital Territory,Catholic,Female,Secondary,Non-Indigenous,4247
Full-time students,Australian Capital Territory,Catholic,Male,Primary,Indigenous,58
Full-time students,Australian Capital Territory,Catholic,Male,Primary,Non-Indigenous,4512
Full-time students,Australian Capital Territory,Catholic,Male,Secondary,Indigenous,68
Full-time students,Australian Capital Territory,Catholic,Male,Secondary,Non-Indigenous,4257
Full-time students,Australian Capital Territory,Government,Female,Primary,Indigenous,346
Full-time students,Australian Capital Territory,Government,Female,Primary,Non-Indigenous,9350
Full-time students,Australian Capital Territory,Government,Female,Secondary,Indigenous,218
Full-time students,Australian Capital Territory,Government,Female,Secondary,Non-Indigenous,7373
Full-time students,Australian Capital Territory,Government,Male,Primary,Indigenous,362
Full-time students,Australian Capital Territory,Government,Male,Primary,Non-Indigenous,9905
Full-time students,Australian Capital Territory,Government,Male,Secondary,Indigenous,251
Full-time students,Australian Capital Territory,Government,Male,Secondary,Non-Indigenous,7779
Full-time students,Australian Capital Territory,Independent,Female,Primary,Indigenous,17
Full-time students,Australian Capital Territory,Independent,Female,Primary,Non-Indigenous,2140
Full-time students,Australian Capital Territory,Independent,Female,Secondary,Indigenous,14
Full-time students,Australian Capital Territory,Independent,Female,Secondary,Non-Indigenous,2383
Full-time students,Australian Capital Territory,Independent,Male,Primary,Indigenous,17
Full-time students,Australian Capital Territory,Independent,Male,Primary,Non-Indigenous,2093
Full-time students,Australian Capital Territory,Independent,Male,Secondary,Indigenous,7
Full-time students,Australian Capital Territory,Independent,Male,Secondary,Non-Indigenous,2365
Full-time students,New South Wales,Catholic,Female,Primary,Indigenous,1677
Full-time students,New South Wales,Catholic,Female,Primary,Non-Indigenous,60861
Full-time students,New South Wales,Catholic,Female,Secondary,Indigenous,1217
Full-time students,New South Wales,Catholic,Female,Secondary,Non-Indigenous,58842
Full-time students,New South Wales,Catholic,Male,Primary,Indigenous,1727
Full-time students,New South Wales,Catholic,Male,Primary,Non-Indigenous,62553
Full-time students,New South Wales,Catholic,Male,Secondary,Indigenous,1193
Full-time students,New South Wales,Catholic,Male,Secondary,Non-Indigenous,59334
Full-time students,New South Wales,Government,Female,Primary,Indigenous,13526
Full-time students,New South Wales,Government,Female,Primary,Non-Indigenous,199601
Full-time students,New South Wales,Government,Female,Secondary,Indigenous,9309
Full-time students,New South Wales,Government,Female,Secondary,Non-Indigenous,141294
Full-time students,New South Wales,Government,Male,Primary,Indigenous,14310
Full-time students,New South Wales,Government,Male,Primary,Non-Indigenous,213112
Full-time students,New South Wales,Government,Male,Secondary,Indigenous,9834
Full-time students,New South Wales,Government,Male,Secondary,Non-Indigenous,145888
Full-time students,New South Wales,Independent,Female,Primary,Indigenous,417
Full-time students,New South Wales,Independent,Female,Primary,Non-Indigenous,32263
Full-time students,New South Wales,Independent,Female,Secondary,Indigenous,610
Full-time students,New South Wales,Independent,Female,Secondary,Non-Indigenous,36700
Full-time students,New South Wales,Independent,Male,Primary,Indigenous,459
Full-time students,New South Wales,Independent,Male,Primary,Non-Indigenous,34639
Full-time students,New South Wales,Independent,Male,Secondary,Indigenous,499
Full-time students,New South Wales,Independent,Male,Secondary,Non-Indigenous,37486
Full-time students,Northern Territory,Catholic,Female,Primary,Indigenous,522
Full-time students,Northern Territory,Catholic,Female,Primary,Non-Indigenous,861
Full-time students,Northern Territory,Catholic,Female,Secondary,Indigenous,330
Full-time students,Northern Territory,Catholic,Female,Secondary,Non-Indigenous,573
Full-time students,Northern Territory,Catholic,Male,Primary,Indigenous,553
Full-time students,Northern Territory,Catholic,Male,Primary,Non-Indigenous,877
Full-time students,Northern Territory,Catholic,Male,Secondary,Indigenous,311
Full-time students,Northern Territory,Catholic,Male,Secondary,Non-Indigenous,600
Full-time students,Northern Territory,Government,Female,Primary,Indigenous,4338
Full-time students,Northern Territory,Government,Female,Primary,Non-Indigenous,4845
Full-time students,Northern Territory,Government,Female,Secondary,Indigenous,1933
Full-time students,Northern Territory,Government,Female,Secondary,Non-Indigenous,3060
Full-time students,Northern Territory,Government,Male,Primary,Indigenous,4597
Full-time students,Northern Territory,Government,Male,Primary,Non-Indigenous,4988
Full-time students,Northern Territory,Government,Male,Secondary,Indigenous,2186
Full-time students,Northern Territory,Government,Male,Secondary,Non-Indigenous,3399
Full-time students,Northern Territory,Independent,Female,Primary,Indigenous,163
Full-time students,Northern Territory,Independent,Female,Primary,Non-Indigenous,1090
Full-time students,Northern Territory,Independent,Female,Secondary,Indigenous,513
Full-time students,Northern Territory,Independent,Female,Secondary,Non-Indigenous,1241
Full-time students,Northern Territory,Independent,Male,Primary,Indigenous,167
Full-time students,Northern Territory,Independent,Male,Primary,Non-Indigenous,1050
Full-time students,Northern Territory,Independent,Male,Secondary,Indigenous,482
Full-time students,Northern Territory,Independent,Male,Secondary,Non-Indigenous,1180
Full-time students,Queensland,Catholic,Female,Primary,Indigenous,1316
Full-time students,Queensland,Catholic,Female,Primary,Non-Indigenous,38593
Full-time students,Queensland,Catholic,Female,Secondary,Indigenous,1112
Full-time students,Queensland,Catholic,Female,Secondary,Non-Indigenous,26803
Full-time students,Queensland,Catholic,Male,Primary,Indigenous,1292
Full-time students,Queensland,Catholic,Male,Primary,Non-Indigenous,40689
Full-time students,Queensland,Catholic,Male,Secondary,Indigenous,1160
Full-time students,Queensland,Catholic,Male,Secondary,Non-Indigenous,27242
Full-time students,Queensland,Government,Female,Primary,Indigenous,14404
Full-time students,Queensland,Government,Female,Primary,Non-Indigenous,140879
Full-time students,Queensland,Government,Female,Secondary,Indigenous,6861
Full-time students,Queensland,Government,Female,Secondary,Non-Indigenous,79123
Full-time students,Queensland,Government,Male,Primary,Indigenous,15113
Full-time students,Queensland,Government,Male,Primary,Non-Indigenous,152618
Full-time students,Queensland,Government,Male,Secondary,Indigenous,6849
Full-time students,Queensland,Government,Male,Secondary,Non-Indigenous,82166
Full-time students,Queensland,Independent,Female,Primary,Indigenous,706
Full-time students,Queensland,Independent,Female,Primary,Non-Indigenous,27826
Full-time students,Queensland,Independent,Female,Secondary,Indigenous,945
Full-time students,Queensland,Independent,Female,Secondary,Non-Indigenous,26612
Full-time students,Queensland,Independent,Male,Primary,Indigenous,694
Full-time students,Queensland,Independent,Male,Primary,Non-Indigenous,27989
Full-time students,Queensland,Independent,Male,Secondary,Indigenous,843
Full-time students,Queensland,Independent,Male,Secondary,Non-Indigenous,25847
Full-time students,South Australia,Catholic,Female,Primary,Indigenous,178
Full-time students,South Australia,Catholic,Female,Primary,Non-Indigenous,13717
Full-time students,South Australia,Catholic,Female,Secondary,Indigenous,120
Full-time students,South Australia,Catholic,Female,Secondary,Non-Indigenous,10178
Full-time students,South Australia,Catholic,Male,Primary,Indigenous,185
Full-time students,South Australia,Catholic,Male,Primary,Non-Indigenous,13980
Full-time students,South Australia,Catholic,Male,Secondary,Indigenous,111
Full-time students,South Australia,Catholic,Male,Secondary,Non-Indigenous,9849
Full-time students,South Australia,Government,Female,Primary,Indigenous,2821
Full-time students,South Australia,Government,Female,Primary,Non-Indigenous,47765
Full-time students,South Australia,Government,Female,Secondary,Indigenous,1598
Full-time students,South Australia,Government,Female,Secondary,Non-Indigenous,27745
Full-time students,South Australia,Government,Male,Primary,Indigenous,3055
Full-time students,South Australia,Government,Male,Primary,Non-Indigenous,51276
Full-time students,South Australia,Government,Male,Secondary,Indigenous,1502
Full-time students,South Australia,Government,Male,Secondary,Non-Indigenous,29365
Full-time students,South Australia,Independent,Female,Primary,Indigenous,163
Full-time students,South Australia,Independent,Female,Primary,Non-Indigenous,12625
Full-time students,South Australia,Independent,Female,Secondary,Indigenous,108
Full-time students,South Australia,Independent,Female,Secondary,Non-Indigenous,10050
Full-time students,South Australia,Independent,Male,Primary,Indigenous,150
Full-time students,South Australia,Independent,Male,Primary,Non-Indigenous,12620
Full-time students,South Australia,Independent,Male,Secondary,Indigenous,101
Full-time students,South Australia,Independent,Male,Secondary,Non-Indigenous,9729
Full-time students,Tasmania,Catholic,Female,Primary,Indigenous,198
Full-time students,Tasmania,Catholic,Female,Primary,Non-Indigenous,3529
Full-time students,Tasmania,Catholic,Female,Secondary,Indigenous,147
Full-time students,Tasmania,Catholic,Female,Secondary,Non-Indigenous,3551
Full-time students,Tasmania,Catholic,Male,Primary,Indigenous,210
Full-time students,Tasmania,Catholic,Male,Primary,Non-Indigenous,3551
Full-time students,Tasmania,Catholic,Male,Secondary,Indigenous,126
Full-time students,Tasmania,Catholic,Male,Secondary,Non-Indigenous,3312
Full-time students,Tasmania,Government,Female,Primary,Indigenous,1310
Full-time students,Tasmania,Government,Female,Primary,Non-Indigenous,14011
Full-time students,Tasmania,Government,Female,Secondary,Indigenous,997
Full-time students,Tasmania,Government,Female,Secondary,Non-Indigenous,10940
Full-time students,Tasmania,Government,Male,Primary,Indigenous,1355
Full-time students,Tasmania,Government,Male,Primary,Non-Indigenous,15187
Full-time students,Tasmania,Government,Male,Secondary,Indigenous,1062
Full-time students,Tasmania,Government,Male,Secondary,Non-Indigenous,11531
Full-time students,Tasmania,Independent,Female,Primary,Indigenous,60
Full-time students,Tasmania,Independent,Female,Primary,Non-Indigenous,1905
Full-time students,Tasmania,Independent,Female,Secondary,Indigenous,56
Full-time students,Tasmania,Independent,Female,Secondary,Non-Indigenous,2401
Full-time students,Tasmania,Independent,Male,Primary,Indigenous,64
Full-time students,Tasmania,Independent,Male,Primary,Non-Indigenous,1997
Full-time students,Tasmania,Independent,Male,Secondary,Indigenous,51
Full-time students,Tasmania,Independent,Male,Secondary,Non-Indigenous,2478
Full-time students,Victoria,Catholic,Female,Primary,Indigenous,295
Full-time students,Victoria,Catholic,Female,Primary,Non-Indigenous,52222
Full-time students,Victoria,Catholic,Female,Secondary,Indigenous,285
Full-time students,Victoria,Catholic,Female,Secondary,Non-Indigenous,46549
Full-time students,Victoria,Catholic,Male,Primary,Indigenous,264
Full-time students,Victoria,Catholic,Male,Primary,Non-Indigenous,53275
Full-time students,Victoria,Catholic,Male,Secondary,Indigenous,262
Full-time students,Victoria,Catholic,Male,Secondary,Non-Indigenous,44598
Full-time students,Victoria,Government,Female,Primary,Indigenous,2875
Full-time students,Victoria,Government,Female,Primary,Non-Indigenous,151820
Full-time students,Victoria,Government,Female,Secondary,Indigenous,1960
Full-time students,Victoria,Government,Female,Secondary,Non-Indigenous,105763
Full-time students,Victoria,Government,Male,Primary,Indigenous,3053
Full-time students,Victoria,Government,Male,Primary,Non-Indigenous,164004
Full-time students,Victoria,Government,Male,Secondary,Indigenous,1819
Full-time students,Victoria,Government,Male,Secondary,Non-Indigenous,113712
Full-time students,Victoria,Independent,Female,Primary,Indigenous,88
Full-time students,Victoria,Independent,Female,Primary,Non-Indigenous,25347
Full-time students,Victoria,Independent,Female,Secondary,Indigenous,216
Full-time students,Victoria,Independent,Female,Secondary,Non-Indigenous,37536
Full-time students,Victoria,Independent,Male,Primary,Indigenous,75
Full-time students,Victoria,Independent,Male,Primary,Non-Indigenous,24372
Full-time students,Victoria,Independent,Male,Secondary,Indigenous,136
Full-time students,Victoria,Independent,Male,Secondary,Non-Indigenous,36319
Full-time students,Western Australia,Catholic,Female,Primary,Indigenous,788
Full-time students,Western Australia,Catholic,Female,Primary,Non-Indigenous,19547
Full-time students,Western Australia,Catholic,Female,Secondary,Indigenous,382
Full-time students,Western Australia,Catholic,Female,Secondary,Non-Indigenous,13214
Full-time students,Western Australia,Catholic,Male,Primary,Indigenous,770
Full-time students,Western Australia,Catholic,Male,Primary,Non-Indigenous,19710
Full-time students,Western Australia,Catholic,Male,Secondary,Indigenous,339
Full-time students,Western Australia,Catholic,Male,Secondary,Non-Indigenous,12938
Full-time students,Western Australia,Government,Female,Primary,Indigenous,7307
Full-time students,Western Australia,Government,Female,Primary,Non-Indigenous,74521
Full-time students,Western Australia,Government,Female,Secondary,Indigenous,2525
Full-time students,Western Australia,Government,Female,Secondary,Non-Indigenous,33669
Full-time students,Western Australia,Government,Male,Primary,Indigenous,7390
Full-time students,Western Australia,Government,Male,Primary,Non-Indigenous,80225
Full-time students,Western Australia,Government,Male,Secondary,Indigenous,2825
Full-time students,Western Australia,Government,Male,Secondary,Non-Indigenous,36412
Full-time students,Western Australia,Independent,Female,Primary,Indigenous,325
Full-time students,Western Australia,Independent,Female,Primary,Non-Indigenous,16051
Full-time students,Western Australia,Independent,Female,Secondary,Indigenous,372
Full-time students,Western Australia,Independent,Female,Secondary,Non-Indigenous,13985
Full-time students,Western Australia,Independent,Male,Primary,Indigenous,331
Full-time students,Western Australia,Independent,Male,Primary,Non-Indigenous,16030
Full-time students,Western Australia,Independent,Male,Secondary,Indigenous,441
Full-time students,Western Australia,Independent,Male,Secondary,Non-Indigenous,14105
Part-time students,Australian Capital Territory,Catholic,Female,Primary,Indigenous,0
Part-time students,Australian Capital Territory,Catholic,Female,Primary,Non-Indigenous,0
Part-time students,Australian Capital Territory,Catholic,Female,Secondary,Indigenous,0
Part-time students,Australian Capital Territory,Catholic,Female,Secondary,Non-Indigenous,0
Part-time students,Australian Capital Territory,Catholic,Male,Primary,Indigenous,0
Part-time students,Australian Capital Territory,Catholic,Male,Primary,Non-Indigenous,0
Part-time students,Australian Capital Territory,Catholic,Male,Secondary,Indigenous,0
Part-time students,Australian Capital Territory,Catholic,Male,Secondary,Non-Indigenous,0
Part-time students,Australian Capital Territory,Government,Female,Primary,Indigenous,0
Part-time students,Australian Capital Territory,Government,Female,Primary,Non-Indigenous,8
Part-time students,Australian Capital Territory,Government,Female,Secondary,Indigenous,0
Part-time students,Australian Capital Territory,Government,Female,Secondary,Non-Indigenous,19
Part-time students,Australian Capital Territory,Government,Male,Primary,Indigenous,0
Part-time students,Australian Capital Territory,Government,Male,Primary,Non-Indigenous,10
Part-time students,Australian Capital Territory,Government,Male,Secondary,Indigenous,0
Part-time students,Australian Capital Territory,Government,Male,Secondary,Non-Indigenous,28
Part-time students,Australian Capital Territory,Independent,Female,Primary,Indigenous,0
Part-time students,Australian Capital Territory,Independent,Female,Primary,Non-Indigenous,16
Part-time students,Australian Capital Territory,Independent,Female,Secondary,Indigenous,0
Part-time students,Australian Capital Territory,Independent,Female,Secondary,Non-Indigenous,5
Part-time students,Australian Capital Territory,Independent,Male,Primary,Indigenous,0
Part-time students,Australian Capital Territory,Independent,Male,Primary,Non-Indigenous,7
Part-time students,Australian Capital Territory,Independent,Male,Secondary,Indigenous,0
Part-time students,Australian Capital Territory,Independent,Male,Secondary,Non-Indigenous,9
Part-time students,New South Wales,Catholic,Female,Primary,Indigenous,3
Part-time students,New South Wales,Catholic,Female,Primary,Non-Indigenous,3
Part-time students,New South Wales,Catholic,Female,Secondary,Indigenous,3
Part-time students,New South Wales,Catholic,Female,Secondary,Non-Indigenous,36
Part-time students,New South Wales,Catholic,Male,Primary,Indigenous,0
Part-time students,New South Wales,Catholic,Male,Primary,Non-Indigenous,15
Part-time students,New South Wales,Catholic,Male,Secondary,Indigenous,0
Part-time students,New South Wales,Catholic,Male,Secondary,Non-Indigenous,23
Part-time students,New South Wales,Government,Female,Primary,Indigenous,0
Part-time students,New South Wales,Government,Female,Primary,Non-Indigenous,0
Part-time students,New South Wales,Government,Female,Secondary,Indigenous,96
Part-time students,New South Wales,Government,Female,Secondary,Non-Indigenous,1103
Part-time students,New South Wales,Government,Male,Primary,Indigenous,0
Part-time students,New South Wales,Government,Male,Primary,Non-Indigenous,0
Part-time students,New South Wales,Government,Male,Secondary,Indigenous,91
Part-time students,New South Wales,Government,Male,Secondary,Non-Indigenous,998
Part-time students,New South Wales,Independent,Female,Primary,Indigenous,0
Part-time students,New South Wales,Independent,Female,Primary,Non-Indigenous,18
Part-time students,New South Wales,Independent,Female,Secondary,Indigenous,41
Part-time students,New South Wales,Independent,Female,Secondary,Non-Indigenous,119
Part-time students,New South Wales,Independent,Male,Primary,Indigenous,0
Part-time students,New South Wales,Independent,Male,Primary,Non-Indigenous,26
Part-time students,New South Wales,Independent,Male,Secondary,Indigenous,44
Part-time students,New South Wales,Independent,Male,Secondary,Non-Indigenous,96
Part-time students,Northern Territory,Catholic,Female,Primary,Indigenous,0
Part-time students,Northern Territory,Catholic,Female,Primary,Non-Indigenous,0
Part-time students,Northern Territory,Catholic,Female,Secondary,Indigenous,0
Part-time students,Northern Territory,Catholic,Female,Secondary,Non-Indigenous,3
Part-time students,Northern Territory,Catholic,Male,Primary,Indigenous,0
Part-time students,Northern Territory,Catholic,Male,Primary,Non-Indigenous,0
Part-time students,Northern Territory,Catholic,Male,Secondary,Indigenous,0
Part-time students,Northern Territory,Catholic,Male,Secondary,Non-Indigenous,0
Part-time students,Northern Territory,Government,Female,Primary,Indigenous,7
Part-time students,Northern Territory,Government,Female,Primary,Non-Indigenous,11
Part-time students,Northern Territory,Government,Female,Secondary,Indigenous,56
Part-time students,Northern Territory,Government,Female,Secondary,Non-Indigenous,56
Part-time students,Northern Territory,Government,Male,Primary,Indigenous,8
Part-time students,Northern Territory,Government,Male,Primary,Non-Indigenous,16
Part-time students,Northern Territory,Government,Male,Secondary,Indigenous,29
Part-time students,Northern Territory,Government,Male,Secondary,Non-Indigenous,66
Part-time students,Northern Territory,Independent,Female,Primary,Indigenous,0
Part-time students,Northern Territory,Independent,Female,Primary,Non-Indigenous,0
Part-time students,Northern Territory,Independent,Female,Secondary,Indigenous,0
Part-time students,Northern Territory,Independent,Female,Secondary,Non-Indigenous,3
Part-time students,Northern Territory,Independent,Male,Primary,Indigenous,0
Part-time students,Northern Territory,Independent,Male,Primary,Non-Indigenous,0
Part-time students,Northern Territory,Independent,Male,Secondary,Indigenous,0
Part-time students,Northern Territory,Independent,Male,Secondary,Non-Indigenous,0
Part-time students,Queensland,Catholic,Female,Primary,Indigenous,0
Part-time students,Queensland,Catholic,Female,Primary,Non-Indigenous,24
Part-time students,Queensland,Catholic,Female,Secondary,Indigenous,3
Part-time students,Queensland,Catholic,Female,Secondary,Non-Indigenous,20
Part-time students,Queensland,Catholic,Male,Primary,Indigenous,0
Part-time students,Queensland,Catholic,Male,Primary,Non-Indigenous,45
Part-time students,Queensland,Catholic,Male,Secondary,Indigenous,0
Part-time students,Queensland,Catholic,Male,Secondary,Non-Indigenous,11
Part-time students,Queensland,Government,Female,Primary,Indigenous,159
Part-time students,Queensland,Government,Female,Primary,Non-Indigenous,1643
Part-time students,Queensland,Government,Female,Secondary,Indigenous,221
Part-time students,Queensland,Government,Female,Secondary,Non-Indigenous,1927
Part-time students,Queensland,Government,Male,Primary,Indigenous,228
Part-time students,Queensland,Government,Male,Primary,Non-Indigenous,2724
Part-time students,Queensland,Government,Male,Secondary,Indigenous,144
Part-time students,Queensland,Government,Male,Secondary,Non-Indigenous,1609
Part-time students,Queensland,Independent,Female,Primary,Indigenous,0
Part-time students,Queensland,Independent,Female,Primary,Non-Indigenous,20
Part-time students,Queensland,Independent,Female,Secondary,Indigenous,3
Part-time students,Queensland,Independent,Female,Secondary,Non-Indigenous,52
Part-time students,Queensland,Independent,Male,Primary,Indigenous,3
Part-time students,Queensland,Independent,Male,Primary,Non-Indigenous,79
Part-time students,Queensland,Independent,Male,Secondary,Indigenous,4
Part-time students,Queensland,Independent,Male,Secondary,Non-Indigenous,60
Part-time students,South Australia,Catholic,Female,Primary,Indigenous,0
Part-time students,South Australia,Catholic,Female,Primary,Non-Indigenous,0
Part-time students,South Australia,Catholic,Female,Secondary,Indigenous,0
Part-time students,South Australia,Catholic,Female,Secondary,Non-Indigenous,36
Part-time students,South Australia,Catholic,Male,Primary,Indigenous,0
Part-time students,South Australia,Catholic,Male,Primary,Non-Indigenous,9
Part-time students,South Australia,Catholic,Male,Secondary,Indigenous,0
Part-time students,South Australia,Catholic,Male,Secondary,Non-Indigenous,44
Part-time students,South Australia,Government,Female,Primary,Indigenous,0
Part-time students,South Australia,Government,Female,Primary,Non-Indigenous,8
Part-time students,South Australia,Government,Female,Secondary,Indigenous,37
Part-time students,South Australia,Government,Female,Secondary,Non-Indigenous,1617
Part-time students,South Australia,Government,Male,Primary,Indigenous,3
Part-time students,South Australia,Government,Male,Primary,Non-Indigenous,17
Part-time students,South Australia,Government,Male,Secondary,Indigenous,25
Part-time students,South Australia,Government,Male,Secondary,Non-Indigenous,1125
Part-time students,South Australia,Independent,Female,Primary,Indigenous,0
Part-time students,South Australia,Independent,Female,Primary,Non-Indigenous,23
Part-time students,South Australia,Independent,Female,Secondary,Indigenous,3
Part-time students,South Australia,Independent,Female,Secondary,Non-Indigenous,59
Part-time students,South Australia,Independent,Male,Primary,Indigenous,0
Part-time students,South Australia,Independent,Male,Primary,Non-Indigenous,26
Part-time students,South Australia,Independent,Male,Secondary,Indigenous,0
Part-time students,South Australia,Independent,Male,Secondary,Non-Indigenous,70
Part-time students,Tasmania,Catholic,Female,Primary,Indigenous,0
Part-time students,Tasmania,Catholic,Female,Primary,Non-Indigenous,0
Part-time students,Tasmania,Catholic,Female,Secondary,Indigenous,0
Part-time students,Tasmania,Catholic,Female,Secondary,Non-Indigenous,0
Part-time students,Tasmania,Catholic,Male,Primary,Indigenous,0
Part-time students,Tasmania,Catholic,Male,Primary,Non-Indigenous,3
Part-time students,Tasmania,Catholic,Male,Secondary,Indigenous,0
Part-time students,Tasmania,Catholic,Male,Secondary,Non-Indigenous,0
Part-time students,Tasmania,Government,Female,Primary,Indigenous,0
Part-time students,Tasmania,Government,Female,Primary,Non-Indigenous,3
Part-time students,Tasmania,Government,Female,Secondary,Indigenous,128
Part-time students,Tasmania,Government,Female,Secondary,Non-Indigenous,1132
Part-time students,Tasmania,Government,Male,Primary,Indigenous,3
Part-time students,Tasmania,Government,Male,Primary,Non-Indigenous,6
Part-time students,Tasmania,Government,Male,Secondary,Indigenous,105
Part-time students,Tasmania,Government,Male,Secondary,Non-Indigenous,979
Part-time students,Tasmania,Independent,Female,Primary,Indigenous,4
Part-time students,Tasmania,Independent,Female,Primary,Non-Indigenous,11
Part-time students,Tasmania,Independent,Female,Secondary,Indigenous,3
Part-time students,Tasmania,Independent,Female,Secondary,Non-Indigenous,17
Part-time students,Tasmania,Independent,Male,Primary,Indigenous,0
Part-time students,Tasmania,Independent,Male,Primary,Non-Indigenous,28
Part-time students,Tasmania,Independent,Male,Secondary,Indigenous,0
Part-time students,Tasmania,Independent,Male,Secondary,Non-Indigenous,26
Part-time students,Victoria,Catholic,Female,Primary,Indigenous,0
Part-time students,Victoria,Catholic,Female,Primary,Non-Indigenous,36
Part-time students,Victoria,Catholic,Female,Secondary,Indigenous,0
Part-time students,Victoria,Catholic,Female,Secondary,Non-Indigenous,19
Part-time students,Victoria,Catholic,Male,Primary,Indigenous,6
Part-time students,Victoria,Catholic,Male,Primary,Non-Indigenous,124
Part-time students,Victoria,Catholic,Male,Secondary,Indigenous,0
Part-time students,Victoria,Catholic,Male,Secondary,Non-Indigenous,14
Part-time students,Victoria,Government,Female,Primary,Indigenous,7
Part-time students,Victoria,Government,Female,Primary,Non-Indigenous,144
Part-time students,Victoria,Government,Female,Secondary,Indigenous,10
Part-time students,Victoria,Government,Female,Secondary,Non-Indigenous,1373
Part-time students,Victoria,Government,Male,Primary,Indigenous,6
Part-time students,Victoria,Government,Male,Primary,Non-Indigenous,307
Part-time students,Victoria,Government,Male,Secondary,Indigenous,35
Part-time students,Victoria,Government,Male,Secondary,Non-Indigenous,964
Part-time students,Victoria,Independent,Female,Primary,Indigenous,0
Part-time students,Victoria,Independent,Female,Primary,Non-Indigenous,31
Part-time students,Victoria,Independent,Female,Secondary,Indigenous,0
Part-time students,Victoria,Independent,Female,Secondary,Non-Indigenous,42
Part-time students,Victoria,Independent,Male,Primary,Indigenous,0
Part-time students,Victoria,Independent,Male,Primary,Non-Indigenous,28
Part-time students,Victoria,Independent,Male,Secondary,Indigenous,0
Part-time students,Victoria,Independent,Male,Secondary,Non-Indigenous,59
Part-time students,Western Australia,Catholic,Female,Primary,Indigenous,0
Part-time students,Western Australia,Catholic,Female,Primary,Non-Indigenous,0
Part-time students,Western Australia,Catholic,Female,Secondary,Indigenous,0
Part-time students,Western Australia,Catholic,Female,Secondary,Non-Indigenous,0
Part-time students,Western Australia,Catholic,Male,Primary,Indigenous,0
Part-time students,Western Australia,Catholic,Male,Primary,Non-Indigenous,11
Part-time students,Western Australia,Catholic,Male,Secondary,Indigenous,0
Part-time students,Western Australia,Catholic,Male,Secondary,Non-Indigenous,0
Part-time students,Western Australia,Government,Female,Primary,Indigenous,0
Part-time students,Western Australia,Government,Female,Primary,Non-Indigenous,0
Part-time students,Western Australia,Government,Female,Secondary,Indigenous,10
Part-time students,Western Australia,Government,Female,Secondary,Non-Indigenous,1112
Part-time students,Western Australia,Government,Male,Primary,Indigenous,0
Part-time students,Western Australia,Government,Male,Primary,Non-Indigenous,0
Part-time students,Western Australia,Government,Male,Secondary,Indigenous,8
Part-time students,Western Australia,Government,Male,Secondary,Non-Indigenous,741
Part-time students,Western Australia,Independent,Female,Primary,Indigenous,0
Part-time students,Western Australia,Independent,Female,Primary,Non-Indigenous,95
Part-time students,Western Australia,Independent,Female,Secondary,Indigenous,0
Part-time students,Western Australia,Independent,Female,Secondary,Non-Indigenous,3
Part-time students,Western Australia,Independent,Male,Primary,Indigenous,0
Part-time students,Western Australia,Independent,Male,Primary,Non-Indigenous,129
Part-time students,Western Australia,Independent,Male,Secondary,Indigenous,0
Part-time students,Western Australia,Independent,Male,Secondary,Non-Indigenous,6
